{
    "1": {
        "x": 52,
        "y": 52
    },
    "2": {
        "x": 43,
        "y": 43
    },
    "3": {
        "x": 203.42392348952487,
        "y": 138.07607651047513
    }
}